Round,Multi-Hop (DC-MHRM + Q-Learning),Single-Hop (Baseline Placeholder)
1,3689.7264769126778,3689.7264769126778
2,3197.1243079758583,3652.829212143551
3,2942.1319485224685,3615.931947374424
4,2737.249641065455,3579.0346826052973
5,2574.2085032594705,3542.1374178361707
6,2451.971322941953,3505.2401530670436
7,2338.7080296226304,3468.342888297917
8,2252.8663921045,3431.4456235287903
9,2165.039625618564,3394.5483587596636
10,2099.5290192221473,3357.651093990537
11,2029.8554215704667,3320.75382922141
12,1977.7421021280525,3283.8565644522832
13,1935.1703854581651,3246.9592996831566
14,1889.4942387463338,3210.0620349140295
15,1845.9975596907839,3173.164770144903
16,1815.774889441982,3136.267505375776
17,1787.0677378667017,3099.370240606649
18,1758.1030854809685,3062.4729758375224
19,1731.0344686430194,3025.575711068396
20,1706.8590557901387,2988.678446299269
21,1674.2702692981316,2951.7811815301425
22,1647.2261593263797,2914.8839167610154
23,1629.0136072604068,2877.9866519918887
24,1611.857585771648,2841.089387222762
25,1589.6549031493896,2804.192122453635
26,1575.1360523502312,2767.2948576845083
27,1559.4034589895648,2730.3975929153817
28,1544.8451283508487,2693.5003281462546
29,1530.0517595412102,2656.603063377128
30,1518.4894020667975,2619.7057986080013
31,1502.0657036729394,2582.808533838874
32,1487.321922224917,2545.9112690697475
33,1469.3621801963031,2509.014004300621
34,1457.3916361965166,2472.1167395314937
35,1445.4035110345262,2435.219474762367
36,1435.4718400678676,2398.32220999324
37,1422.1760166959214,2361.424945224114
38,1406.2616918344377,2324.527680454987
39,1395.7943144153958,2287.63041568586
40,1383.7904849782622,2250.7331509167334
41,1375.7889462508729,2213.8358861476067
42,1362.428234811573,2176.9386213784796
43,1353.642465764293,2140.0413566093534
44,1345.588648874455,2103.1440918402263
45,1337.6038085870275,2066.2468270710997
46,1327.223113226843,2029.349562301973
47,1316.0225094707773,1992.4522975328462
48,1303.30387081405,1955.5550327637193
49,1294.3901978935464,1918.6577679945924
50,1284.716548346497,1881.7605032254658
51,1276.0794500679617,1844.8632384563389
52,1268.4968414383575,1807.965973687212
53,1259.1227147608306,1771.0687089180853
54,1251.4303041727185,1734.1714441489585
55,1244.479946778668,1697.2741793798316
56,1237.589683771259,1660.3769146107047
57,1230.659179397692,1623.479649841578
58,1224.4594688884415,1586.5823850724512
59,1216.7174452179752,1549.6851203033248
60,1210.7476769614661,1512.787855534198
61,1205.0957163989237,1475.8905907650712
62,1198.5235019713634,1438.9933259959444
63,1192.5227654402847,1402.0960612268175
64,1180.9366461942507,1365.1987964576908
65,1175.8396305270235,1328.301531688564
66,1164.7865328969156,1291.404266919437
67,1153.6907430033802,1254.5070021503104
68,1142.6594824312883,1217.6097373811835
69,1136.8288049716234,1180.7124726120567
70,1131.0101173614976,1143.8152078429298
71,1125.5614705780017,1106.9179430738031
72,1119.5519660827815,1070.0206783046767
73,1114.759192287829,1033.1234135355498
74,1109.4429957057318,996.2261487664231
75,1103.7992059095277,959.3288839972962
76,1098.5741211060795,922.4316192281694
77,1092.9408273271106,885.5343544590427
78,1087.8009534975668,848.6370896899158
79,1083.1007605321954,811.739824920789
80,1077.71087244117,774.8425601516622
81,1072.400404304889,737.9452953825354
82,1067.1240639987795,701.0480306134086
83,1062.4520690262198,664.1507658442818
84,1057.651030163794,627.253501075155
85,1053.987306706126,590.3562363060286
86,1049.1653038343547,553.4589715369018
87,1044.808890125208,516.5617067677749
88,1039.815826458382,479.6644419986481
89,1035.0515368661179,442.76717722952134
90,1030.0860913734482,405.8699124603945
91,1025.3680201330824,368.9726476912677
92,1020.2545444285583,332.0753829221409
93,1015.6016413679006,295.17811815301405
94,1011.3193622829863,258.2808533838873
95,1006.9240156082107,221.38358861476044
96,1001.6166499771011,184.48632384563365
97,998.1539994379182,147.58905907650725
98,994.9809324788905,110.69179430738043
99,990.0881073714968,73.79452953825363
100,985.2194334428259,36.897264769126814
101,980.5748866715116,0.0
102,977.3135028233014,-36.897264769126814
103,973.7267768022889,-73.79452953825363
104,969.174756212299,-110.69179430738043
105,964.1043421333911,-147.58905907650725
106,959.8875465421105,-184.48632384563405
107,956.3749863437777,-221.38358861476087
108,951.7209726049575,-258.2808533838877
109,946.6114398555443,-295.1781181530145
110,943.0589093512423,-332.0753829221413
111,937.1158145705879,-368.9726476912681
112,931.5013980629055,-405.8699124603949
113,927.6695608875625,-442.76717722952174
114,923.2360195598282,-479.66444199864856
115,920.2133824852131,-516.5617067677754
116,915.136020642024,-553.4589715369021
117,911.6815493537104,-590.3562363060281
118,906.6669807960445,-627.253501075155
119,902.8399945487273,-664.1507658442818
120,899.299693036993,-701.0480306134086
121,893.6864894599613,-737.9452953825354
122,888.7356769747757,-774.8425601516622
123,885.4349561276441,-811.739824920789
124,882.8107210614642,-848.6370896899158
125,879.9268270756772,-885.5343544590427
126,877.150739900331,-922.4316192281694
127,872.0294110733248,-959.3288839972962
128,868.427846432544,-996.2261487664231
129,865.5606882602473,-1033.1234135355498
130,862.4975476179418,-1070.0206783046767
131,858.5689296822009,-1106.9179430738036
132,855.0168945202058,-1143.8152078429302
133,851.7330349329809,-1180.7124726120571
134,847.5725730175568,-1217.609737381184
135,842.7041213023101,-1254.5070021503107
136,840.0878600440535,-1291.4042669194375
137,836.8706733559328,-1328.3015316885644
138,832.3620162033326,-1365.198796457691
139,829.8762055010575,-1402.096061226818
140,825.7143907285911,-1438.9933259959448
141,821.9145293138695,-1475.8905907650717
142,817.721512933914,-1512.7878555341977
143,814.4351409742235,-1549.6851203033243
144,811.5636640934841,-1586.5823850724512
145,808.9032841541527,-1623.479649841578
146,805.4331075991795,-1660.3769146107047
147,801.7106111865914,-1697.2741793798316
148,798.2526066520613,-1734.1714441489585
149,794.1191614064016,-1771.0687089180853
150,789.7061450626784,-1807.965973687212
151,784.961249769432,-1844.8632384563389
152,781.821385914772,-1881.7605032254658
153,777.187889547482,-1918.6577679945924
154,772.7355238712036,-1955.5550327637193
155,768.2727946156322,-1992.4522975328462
156,764.2318009979589,-2029.349562301973
157,760.4811033035845,-2066.2468270710997
158,757.7960147903349,-2103.1440918402263
159,753.8012611096278,-2140.0413566093534
160,749.7258021044772,-2176.93862137848
161,746.3314766575485,-2213.835886147607
162,744.5376329181984,-2250.733150916734
163,742.457417542695,-2287.6304156858605
164,739.2947638294904,-2324.5276804549876
165,737.3911129428411,-2361.4249452241143
166,734.1608613205246,-2398.322209993241
167,732.1927137043764,-2435.219474762368
168,728.8274555978426,-2472.1167395314937
169,726.9868125637967,-2509.014004300621
170,725.1725990733373,-2545.9112690697475
171,722.5959920276564,-2582.808533838874
172,718.9917296301624,-2619.7057986080013
173,716.8328086769407,-2656.603063377128
174,714.6612155054459,-2693.5003281462546
175,712.7145328666323,-2730.3975929153817
176,710.4668079591418,-2767.2948576845083
177,706.8798017348353,-2804.192122453635
178,704.3038239251556,-2841.089387222762
179,700.9424305086839,-2877.9866519918887
180,697.86882906712,-2914.8839167610154
181,695.4888231623218,-2951.7811815301425
182,694.0467891587238,-2988.678446299269
183,691.5712019638858,-3025.575711068396
184,689.0349085247909,-3062.472975837523
185,686.1572325446583,-3099.3702406066495
186,683.1873420102578,-3136.2675053757766
187,680.5863761830997,-3173.1647701449033
188,675.3757854499698,-3210.06203491403
189,672.0226643660103,-3246.959299683157
190,668.871449786468,-3283.8565644522837
191,666.6424046892024,-3320.7538292214103
192,664.1373939721648,-3357.6510939905374
193,661.5151548788713,-3394.548358759663
194,658.7383498063921,-3431.4456235287903
195,656.2437657391856,-3468.342888297917
196,654.070350139347,-3505.2401530670436
197,651.9185675027675,-3542.1374178361707
198,650.1402705995112,-3579.0346826052973
199,645.7220525152687,-3615.931947374424
200,641.7921723081057,-3652.829212143551
201,639.7252995642389,-3689.7264769126778
202,637.6051480590105,-3726.6237416818053
203,633.2573992798443,-3763.5210064509315
204,628.7938412291669,-3800.418271220059
205,626.3440190871823,-3837.315535989185
206,621.9946190654774,-3874.212800758311
207,619.1806207185047,-3911.1100655274386
208,615.7017827108988,-3948.0073302965648
209,613.5376989907011,-3984.9045950656923
210,611.3931765352877,-4021.801859834818
211,609.5048103544997,-4058.699124603946
212,607.7250751911887,-4095.596389373072
213,605.3956070071249,-4132.493654142199
214,603.8651960034446,-4169.390918911326
215,600.7663011443768,-4206.288183680453
216,598.0315801214354,-4243.185448449579
217,595.7906504951955,-4280.082713218707
218,594.3943585082906,-4316.979977987833
219,592.984905981243,-4353.87724275696
220,590.3710012334434,-4390.774507526086
221,586.9596835331815,-4427.671772295214
222,584.558058453491,-4464.56903706434
223,582.7479044010779,-4501.466301833468
224,581.3365103704932,-4538.363566602594
225,579.9965292260338,-4575.260831371721
226,578.3409496134046,-4612.158096140847
227,576.8720743329525,-4649.055360909975
228,573.9447955600401,-4685.9526256791005
229,571.1180141828034,-4722.8498904482285
230,568.0557813810907,-4759.747155217355
231,566.3329827990602,-4796.644419986482
232,563.2862733061397,-4833.541684755608
233,560.3901106514074,-4870.438949524734
234,557.4944198937193,-4907.336214293861
235,555.7890608761472,-4944.2334790629875
236,553.7932874282101,-4981.1307438321155
237,550.5459317540522,-5018.028008601242
238,547.3978899283318,-5054.925273370369
239,544.3070744989709,-5091.822538139495
240,541.2907395745508,-5128.719802908622
241,538.4148897351625,-5165.617067677748
242,535.495205590733,-5202.514332446876
243,532.6364659444496,-5239.4115972160025
244,529.7719743484718,-5276.30886198513
245,526.9380116631111,-5313.206126754256
246,524.1673431528944,-5350.103391523384
247,521.4121342576086,-5387.000656292509
248,518.7063399889357,-5423.897921061637
249,516.0527245860756,-5460.795185830763
250,513.5034352347172,-5497.69245059989
251,510.9796588020372,-5534.589715369017
252,508.2222220898961,-5571.486980138145
253,505.83928747429934,-5608.38424490727
254,503.1535152870701,-5645.281509676398
255,500.52628675523573,-5682.178774445524
256,497.9482020065643,-5719.076039214651
257,495.37503348034,-5755.973303983777
258,492.82220294832524,-5792.870568752904
259,490.2994476999662,-5829.767833522031
260,487.8506126856778,-5866.665098291157
261,485.4502346575248,-5903.562363060285
262,483.08548316817553,-5940.459627829411
263,480.77870111897744,-5977.356892598538
264,478.5302291845416,-6014.254157367664
265,476.33336088913626,-6051.151422136792
266,474.16804422416817,-6088.048686905918
267,472.03125527820237,-6124.945951675046
268,469.8880887522417,-6161.843216444172
269,467.77050693869717,-6198.740481213299
270,465.6381189650508,-6235.637745982425
271,463.61280386377655,-6272.535010751553
272,461.5754925871785,-6309.432275520679
273,459.5693850649412,-6346.329540289807
274,457.59943971420404,-6383.226805058933
275,455.6614531051461,-6420.12406982806
276,453.7412415098861,-6457.021334597186
277,451.84967690993926,-6493.918599366314
278,449.9973677180561,-6530.815864135439
279,448.1779676662914,-6567.713128904567
280,446.3827080920785,-6604.610393673694
281,444.6148854808177,-6641.507658442821
282,442.87938188617596,-6678.404923211947
283,441.16120886486186,-6715.302187981073
284,439.32888849494105,-6752.1994527502
285,437.533971509035,-6789.096717519326
286,435.76227154355934,-6825.993982288454
287,434.0136606785869,-6862.891247057581
288,432.2891098005836,-6899.788511826708
289,430.5865399475786,-6936.685776595834
290,428.91202704718467,-6973.583041364961
291,427.25472994216454,-7010.480306134087
292,425.6268649143003,-7047.377570903215
293,424.0279564820046,-7084.274835672341
294,422.44878930608684,-7121.1721004414685
295,420.88472681793917,-7158.069365210595
296,419.33261937191617,-7194.966629979723
297,417.8049967172391,-7231.863894748848
298,416.29306229194583,-7268.761159517976
299,414.80761644756757,-7305.658424287102
300,413.3591946449545,-7342.555689056229
301,411.93509565560623,-7379.4529538253555
302,410.53812197415266,-7416.3502185944835
303,409.15253552186374,-7453.247483363609
304,407.78688333568863,-7490.144748132737
305,406.43264115920937,-7527.042012901863
306,405.0982256648724,-7563.93927767099
307,403.77567346779006,-7600.836542440116
308,402.45652477483213,-7637.733807209244
309,401.15111839001395,-7674.63107197837
310,399.86307181364936,-7711.528336747496
311,398.5927853781358,-7748.425601516624
312,397.34553422227276,-7785.32286628575
313,396.1127439420494,-7822.220131054877
314,394.8976930245625,-7859.117395824003
315,393.6936845220223,-7896.01466059313
316,392.4980575461755,-7932.911925362257
317,391.32351560693627,-7969.809190131385
318,390.17723274981324,-8006.706454900511
319,389.03242998209845,-8043.603719669638
320,387.8991810791805,-8080.500984438764
321,386.7690293101925,-8117.398249207892
322,385.64189101924006,-8154.295513977017
323,384.5232171554625,-8191.192778746145
324,383.412185388411,-8228.09004351527
325,382.32511946254556,-8264.987308284399
326,381.2780883263611,-8301.884573053525
327,380.2469935504855,-8338.781837822653
328,379.2155775215341,-8375.67910259178
329,378.1890944189091,-8412.576367360905
330,377.16678161306606,-8449.473632130032
331,376.14650878801,-8486.37089689916
332,375.13719174288434,-8523.268161668286
333,374.13315084778816,-8560.165426437414
334,373.1404231775766,-8597.06269120654
335,372.1614044680766,-8633.959955975666
336,371.18855212895727,-8670.857220744792
337,370.225763665192,-8707.754485513919
338,369.2687354066552,-8744.651750283047
339,368.31446711890885,-8781.549015052173
340,367.3618102417588,-8818.4462798213
341,366.4170642875524,-8855.343544590427
342,365.4789380432815,-8892.240809359553
343,364.54863523730927,-8929.13807412868
344,363.6397885311045,-8966.035338897807
345,362.7435008613227,-9002.932603666934
346,361.859230682535,-9039.829868436062
347,360.9789178098148,-9076.727133205188
348,360.10182009883647,-9113.624397974314
349,359.23365028551984,-9150.52166274344
350,358.36963124070337,-9187.418927512568
351,357.51141326892724,-9224.316192281694
352,356.654818364918,-9261.213457050822
353,355.809029501342,-9298.110721819949
354,354.9670061378666,-9335.007986589075
355,354.13033498579796,-9371.905251358201
356,353.29561265156735,-9408.802516127329
357,352.4501835234448,-9445.699780896455
358,351.6080343575727,-9482.597045665583
359,350.7746872400619,-9519.49431043471
360,349.96496915156445,-9556.391575203836
361,349.15568410534024,-9593.288839972962
362,348.3540349822374,-9630.186104742088
363,347.55970299983517,-9667.083369511216
364,346.7701474077177,-9703.980634280342
365,345.9834461417087,-9740.87789904947
366,345.2053377461143,-9777.775163818596
367,344.4057778146559,-9814.672428587723
368,343.5608931138021,-9851.569693356849
369,342.7169438102545,-9888.466958125977
370,341.88110456882737,-9925.364222895103
371,341.05308255269637,-9962.261487664231
372,340.22928312372244,-9999.158752433357
373,339.4095449410821,-10036.056017202483
374,338.5940768580765,-10072.95328197161
375,337.7790692078719,-10109.850546740738
376,336.9687369765104,-10146.747811509864
377,336.16376778647134,-10183.645076278992
378,335.3386506647075,-10220.542341048118
379,334.5180455465969,-10257.439605817244
380,333.70307742068053,-10294.33687058637
381,332.8944071584328,-10331.234135355498
382,332.0902771127623,-10368.131400124625
383,331.28886955996154,-10405.028664893753
384,330.4943407701511,-10441.925929662879
385,329.70369794181266,-10478.823194432005
386,328.9171921692288,-10515.720459201131
387,328.13795860612754,-10552.617723970257
388,327.36414392886957,-10589.514988739385
389,326.59512132743924,-10626.412253508512
390,325.77428413237635,-10663.30951827764
391,324.9613930934562,-10700.206783046766
392,324.145535657045,-10737.104047815892
393,323.3355072729094,-10774.001312585018
394,322.52672342956305,-10810.898577354146
395,321.72486275127295,-10847.795842123272
396,320.9273418198902,-10884.6931068924
397,320.1375630989486,-10921.590371661527
398,319.35457586367653,-10958.487636430653
399,318.57921304719025,-10995.384901199779
400,317.81048418376395,-11032.282165968907
401,316.9848854403552,-11069.179430738033
402,316.16446386528,-11106.07669550716
403,315.359194763922,-11142.97396027629
404,314.5624572433551,-11179.871225045414
405,313.8276558898343,-11216.76848981454
406,313.0919800328225,-11253.665754583666
407,312.3658128540052,-11290.563019352796
408,311.65184319834054,-11327.460284121922
409,310.8902553596504,-11364.357548891048
410,310.1421912628417,-11401.254813660174
411,309.3922025734527,-11438.152078429299
412,308.6482397267116,-11475.049343198429
413,307.90456080652825,-11511.946607967555
414,307.16604490475675,-11548.843872736681
415,306.43141012793745,-11585.741137505807
416,305.701523469862,-11622.638402274937
417,304.9748390630553,-11659.535667044061
418,304.25200977934117,-11696.432931813188
419,303.5357808008415,-11733.330196582314
420,302.8271659560639,-11770.227461351444
421,302.1182874365056,-11807.12472612057
422,301.41752922863714,-11844.021990889696
423,300.7228772632902,-11880.919255658822
424,300.02516939693845,-11917.81652042795
425,299.3301149780892,-11954.713785197077
426,298.64248988244776,-11991.611049966203
427,297.957527863195,-12028.508314735329
428,297.27566093633357,-12065.405579504459
429,296.59933014173754,-12102.302844273583
430,295.9224532465306,-12139.20010904271
431,294.8015106994344,-12176.097373811835
432,293.6955764517918,-12212.994638580965
433,292.60552397999624,-12249.891903350092
434,291.524115594287,-12286.789168119218
435,290.449075803907,-12323.686432888344
436,289.392912383161,-12360.583697657472
437,288.34072895039736,-12397.480962426598
438,287.30431476250925,-12434.378227195724
439,286.2798843785139,-12471.27549196485
440,285.2684623658972,-12508.172756733977
441,284.2719028131272,-12545.070021503107
442,283.29871196505496,-12581.967286272231
443,282.33031705196294,-12618.864551041357
444,281.3829656426683,-12655.761815810483
445,280.4366933745923,-12692.659080579613
446,279.49297173187665,-12729.55634534874
447,278.5451554581822,-12766.453610117866
448,277.606010007124,-12803.350874886992
449,276.67298041006563,-12840.24813965612
450,275.75413033132617,-12877.145404425246
451,274.83999503415237,-12914.042669194372
452,273.9524341953031,-12950.939933963498
453,273.07756867371984,-12987.837198732628
454,272.2060697221113,-13024.734463501753
455,271.3413712961317,-13061.631728270879
456,270.4873450571414,-13098.528993040005
457,269.6387774523416,-13135.426257809135
458,268.7958011687791,-13172.323522578261
459,267.9579469743101,-13209.220787347387
460,267.1284216487097,-13246.118052116513
461,266.3059388153485,-13283.015316885641
462,265.4980478402898,-13319.912581654768
463,264.69838300232607,-13356.809846423894
464,263.9157664677634,-13393.70711119302
465,263.15872365278295,-13430.604375962146
466,262.41654527035774,-13467.501640731276
467,261.68178420603766,-13504.3989055004
468,260.94864793837183,-13541.296170269527
469,260.2222440082417,-13578.193435038653
470,259.4984611661648,-13615.090699807783
471,258.78169939560405,-13651.987964576909
472,258.0762385167131,-13688.885229346035
473,257.37413426061215,-13725.782494115161
474,256.6791022082451,-13762.67975888429
475,255.98303094395845,-13799.577023653415
476,255.29339869213152,-13836.474288422542
477,254.61394442050175,-13873.371553191668
478,253.94575206769832,-13910.268817960798
479,253.2897077079324,-13947.166082729922
480,252.63668835261907,-13984.063347499048
481,251.98691858762484,-14020.960612268174
482,251.3381744974121,-14057.857877037304
483,250.6915557281914,-14094.75514180643
484,250.04657850759835,-14131.652406575557
485,249.4056163431663,-14168.549671344683
486,248.76780331342076,-14205.44693611381
487,248.13693227242516,-14242.344200882937
488,247.5107355431898,-14279.241465652063
489,246.88354370217326,-14316.13873042119
490,246.26331175459143,-14353.035995190316
491,245.66454772628595,-14389.933259959445
492,245.0774041150332,-14426.83052472857
493,244.4972307921455,-14463.727789497696
494,243.92474524074538,-14500.625054266822
495,243.3583581773281,-14537.522319035952
496,242.79126810849056,-14574.419583805078
497,242.23352871439036,-14611.316848574204
498,241.68900284808603,-14648.21411334333
499,241.15070327820632,-14685.111378112459
500,240.6132391033285,-14722.008642881585
501,240.08329853373402,-14758.905907650711
502,239.54948630351288,-14795.803172419837
503,239.01422551676995,-14832.700437188967
504,238.4910669602968,-14869.597701958091
505,237.96963557859505,-14906.494966727218
506,237.4493825480252,-14943.392231496344
507,236.93235450660285,-14980.289496265474
508,236.41819217931834,-15017.1867610346
509,235.9119809315444,-15054.084025803726
510,235.40785079530224,-15090.981290572852
511,234.90354049656503,-15127.87855534198
512,234.39999577585266,-15164.775820111106
513,233.90156905275884,-15201.673084880233
514,233.40498960676004,-15238.570349649359
515,232.90620893763386,-15275.467614418485
516,232.41823783697498,-15312.364879187615
517,231.92885777590368,-15349.26214395674
518,231.43956023358265,-15386.159408725865
519,230.9559786226013,-15423.056673494992
520,230.47115887482335,-15459.953938264121
521,229.98966055396528,-15496.851203033248
522,229.5183914969231,-15533.748467802374
523,229.05051679722845,-15570.6457325715
524,228.5832780270398,-15607.542997340628
525,228.12240577279658,-15644.440262109754
526,227.6635316547388,-15681.33752687888
527,227.20622367737835,-15718.234791648007
528,226.75186765704296,-15755.132056417136
529,226.2919136011997,-15792.02932118626
530,225.83888238582054,-15828.926585955387
531,225.3923894053413,-15865.823850724513
532,224.94468957068827,-15902.721115493643
533,224.50007729499205,-15939.61838026277
534,224.05493917714682,-15976.515645031895
535,223.61213543426345,-16013.412909801022
536,223.17180545826903,-16050.31017457015
537,222.7415780798274,-16087.207439339276
538,222.3150865413371,-16124.104704108402
539,221.89028950202214,-16161.001968877528
540,221.46366716684102,-16197.899233646654
541,221.0407328879806,-16234.796498415784
542,220.62063870235733,-16271.693763184909
543,220.20008586085567,-16308.591027954035
544,219.78043225107564,-16345.488292723161
545,219.36046295095414,-16382.38555749229
546,218.94326299593533,-16419.282822261415
547,218.52196572894348,-16456.18008703054
548,218.1048311399925,-16493.077351799668
549,217.6905542748827,-16529.974616568798
550,217.27883980749334,-16566.871881337924
551,216.87360959946147,-16603.76914610705
552,216.47459272362104,-16640.666410876176
553,216.07569142462702,-16677.563675645306
554,215.67695842808928,-16714.460940414432
555,215.2896383230049,-16751.35820518356
556,214.90390849012667,-16788.255469952685
557,214.51830044690428,-16825.15273472181
558,214.13897804952268,-16862.049999490937
559,213.75657634872297,-16898.947264260063
560,213.3860861753053,-16935.84452902919
561,213.01606767917906,-16972.74179379832
562,212.6464528618032,-17009.639058567445
563,212.27921062549888,-17046.53632333657
564,211.91224077803207,-17083.433588105698
565,211.55069849574593,-17120.330852874824
566,211.1868508912684,-17157.228117643954
567,210.8231541669415,-17194.12538241308
568,210.46148058794995,-17231.022647182206
569,210.09763273110144,-17267.919911951332
570,209.73599906635715,-17304.81717672046
571,209.37349110142839,-17341.714441489585
572,209.0170927324212,-17378.61170625871
573,208.6588220086026,-17415.508971027837
574,208.2991617311863,-17452.406235796967
575,207.9436339204414,-17489.303500566093
576,207.58542530886155,-17526.20076533522
577,207.231282342493,-17563.098030104346
578,206.87821576065556,-17599.995294873475
579,206.53059872235977,-17636.8925596426
580,206.178828851974,-17673.789824411728
581,205.82866787723094,-17710.687089180854
582,205.47971325740366,-17747.58435394998
583,205.13209892875096,-17784.481618719106
584,204.78384928135145,-17821.378883488233
585,204.4378280934793,-17858.27614825736
586,204.0948739648051,-17895.17341302649
587,203.7512186512701,-17932.070677795615
588,203.40767539948286,-17968.96794256474
589,203.0641726377886,-18005.865207333867
590,202.71845337379116,-18042.762472102993
591,202.37483010163862,-18079.659736872123
592,202.03400245981052,-18116.55700164125
593,201.6946370573766,-18153.454266410376
594,201.35434776710315,-18190.3515311795
595,201.02128430746015,-18227.248795948628
596,200.69210493002578,-18264.146060717754
597,200.36117703181432,-18301.04332548688
598,200.0337137437707,-18337.940590256007
599,199.70466559135562,-18374.837855025136
600,199.37984853020419,-18411.735119794263
601,199.06023347605142,-18448.63238456339
602,198.7418342897889,-18485.529649332515
603,198.4221630868645,-18522.426914101645
604,198.10455040824922,-18559.32417887077
605,197.78706898484464,-18596.221443639897
606,197.46996124331497,-18633.118708409023
607,197.1513283151635,-18670.01597317815
608,196.83284140372322,-18706.913237947276
609,196.5143012305515,-18743.810502716402
610,196.1957164619629,-18780.707767485528
611,195.87557703426316,-18817.605032254658
612,195.55937308629035,-18854.502297023784
613,195.24569991789954,-18891.39956179291
614,194.93435379972232,-18928.296826562037
615,194.624594571111,-18965.194091331166
616,194.31806255522068,-19002.091356100293
617,194.00831344046048,-19038.98862086942
618,193.69960058168326,-19075.885885638545
619,193.39031628827885,-19112.78315040767
620,192.99980029907167,-19149.680415176797
621,192.61131165996915,-19186.577679945924
622,192.2244581314186,-19223.47494471505
623,191.83998025109355,-19260.372209484176
624,191.45862270004574,-19297.269474253306
625,191.07829766911917,-19334.166739022432
626,190.69802118885383,-19371.06400379156
627,190.31898149703935,-19407.961268560684
628,189.94438297171925,-19444.858533329814
629,189.571229217964,-19481.75579809894
630,189.19861551257674,-19518.653062868067
631,188.8264995395352,-19555.550327637193
632,188.4531163974503,-19592.44759240632
633,188.07834848342975,-19629.344857175445
634,187.70732193271505,-19666.24212194457
635,187.3389511565235,-19703.139386713698
636,186.97387185187014,-19740.036651482827
637,186.61007108387187,-19776.933916251954
638,186.2494640329066,-19813.83118102108
639,185.88971524833607,-19850.728445790206
640,185.53313817852083,-19887.625710559336
641,185.17526819296015,-19924.522975328462
642,184.8229558595189,-19961.42024009759
643,184.46543964149816,-19998.317504866714
644,184.11267935638216,-20035.21476963584
645,183.7591225544798,-20072.112034404967
646,183.40669390751913,-20109.009299174093
647,183.05252759093813,-20145.90656394322
648,182.69807003654267,-20182.803828712345
649,182.34394245011785,-20219.701093481475
650,181.99125976027688,-20256.5983582506
651,181.6416624144902,-20293.495623019728
652,181.2940994152632,-20330.392887788854
653,180.95073444996095,-20367.290152557984
654,180.60668192842456,-20404.18741732711
655,180.26528291654637,-20441.084682096236
656,179.92626764927672,-20477.981946865362
657,179.58930681615476,-20514.87921163449
658,179.2571619805497,-20551.776476403615
659,178.92661763932793,-20588.67374117274
660,178.59802097203286,-20625.571005941867
661,178.3248352890987,-20662.468270710997
662,178.05260041373924,-20699.365535480123
663,177.78092064180993,-20736.26280024925
664,177.5073329016431,-20773.160065018375
665,177.23484564644897,-20810.057329787505
666,176.96125449370945,-20846.95459455663
667,176.68991867385537,-20883.851859325758
668,176.36325424906974,-20920.749124094884
669,176.0362853897817,-20957.64638886401
670,175.70950191725294,-20994.543653633136
671,175.37924241032545,-21031.440918402262
672,175.04940003575143,-21068.33818317139
673,174.7232591645773,-21105.235447940515
674,174.400423805761,-21142.132712709645
675,174.07848814285063,-21179.02997747877
676,173.75557946729748,-21215.927242247897
677,173.43454496065786,-21252.824507017023
678,173.11428939033698,-21289.721771786153
679,172.795642386686,-21326.61903655528
680,172.47242765851536,-21363.516301324406
681,172.15423485342848,-21400.41356609353
682,171.83595686096044,-21437.310830862658
683,171.51718299622195,-21474.208095631784
684,171.19772696864672,-21511.10536040091
685,170.87779381688114,-21548.002625170036
686,170.56040570545719,-21584.899889939166
687,170.24464347539595,-21621.797154708293
688,169.9294467816958,-21658.69441947742
689,169.61519699459018,-21695.591684246545
690,169.3006051374466,-21732.488949015675
691,168.98674571511063,-21769.3862137848
692,168.67473573195787,-21806.283478553927
693,168.3629802407213,-21843.180743323053
694,168.05034446193167,-21880.07800809218
695,167.74164075990896,-21916.975272861306
696,167.43078102727648,-21953.872537630432
697,167.12180152649475,-21990.769802399558
698,166.81360948927977,-22027.667067168684
699,166.5077185377005,-22064.564331937814
700,166.20056868588918,-22101.46159670694
701,165.89655242421355,-22138.358861476067
702,165.59649498532636,-22175.256126245193
703,165.29566569561186,-22212.153391014323
704,164.99731909419984,-22249.05065578345
705,164.7007736018875,-22285.947920552575
706,164.40449982534753,-22322.8451853217
707,164.1088173313625,-22359.742450090827
708,163.81364914929392,-22396.639714859954
709,163.51968234186933,-22433.53697962908
710,163.22640585783626,-22470.434244398206
711,162.93425943799795,-22507.331509167336
712,162.6396170634033,-22544.228773936462
713,162.34988458567895,-22581.126038705588
714,162.0586635647303,-22618.023303474714
715,161.7654153957291,-22654.920568243844
716,161.47403131993687,-22691.81783301297
717,161.18578323683536,-22728.715097782097
718,160.89714005409445,-22765.612362551223
719,160.60981757596798,-22802.50962732035
720,160.32080294832886,-22839.406892089475
721,160.03433387040852,-22876.3041568586
722,159.74924652860685,-22913.201421627728
723,159.46408686084177,-22950.098686396854
724,159.1800085003904,-22986.995951165984
725,158.8972259531311,-23023.89321593511
726,158.61603357354886,-23060.790480704236
727,158.33435901771222,-23097.687745473362
728,158.0532138505339,-23134.585010242492
729,157.77210643995105,-23171.48227501162
730,157.49270872379384,-23208.379539780744
731,157.21516317824822,-23245.27680454987
732,156.93572943051774,-23282.174069318997
733,156.65889453978303,-23319.071334088123
734,156.3840558131953,-23355.96859885725
735,156.11081079208248,-23392.865863626375
736,155.84052877184854,-23429.763128395505
737,155.57051475151326,-23466.66039316463
738,155.2982367705047,-23503.557657933758
739,155.02877024940668,-23540.454922702884
740,154.76216099957102,-23577.352187472014
741,154.49617219506192,-23614.24945224114
742,154.23315333472502,-23651.146717010266
743,153.97077913244698,-23688.043981779392
744,153.7094650895104,-23724.94124654852
745,153.4487979485633,-23761.838511317645
746,153.1872909386242,-23798.73577608677
747,152.92650942794455,-23835.633040855897
748,152.6650613101351,-23872.530305625023
749,152.40427700257166,-23909.427570394153
750,152.14364688052532,-23946.32483516328
751,151.878637384482,-23983.222099932405
752,151.61674372920504,-24020.11936470153
753,151.35735489162454,-24057.01662947066
754,151.09743114992722,-24093.913894239788
755,150.83874670334137,-24130.811159008914
756,150.57979548787608,-24167.70842377804
757,150.32182825978853,-24204.605688547166
758,150.06482043685986,-24241.502953316292
759,149.81059614716338,-24278.40021808542
760,149.55636825784663,-24315.297482854545
761,149.30124524621286,-24352.194747623675
762,149.04798794694673,-24389.0920123928
763,148.7825617591195,-24425.989277161927
764,148.51563535562894,-24462.886541931053
765,148.25108093809962,-24499.783806700183
766,147.98700093814995,-24536.68107146931
767,147.72432299092722,-24573.578336238435
768,147.46242841137672,-24610.47560100756
769,147.20072230838912,-24647.372865776688
770,146.93801000462534,-24684.270130545814
771,146.6772570476408,-24721.16739531494
772,146.41648296295912,-24758.064660084066
773,146.15657287570187,-24794.961924853193
774,145.89629867847592,-24831.859189622322
775,145.63420154437108,-24868.75645439145
776,145.3709098070993,-24905.653719160575
777,145.10923471153598,-24942.5509839297
778,144.8484362494428,-24979.44824869883
779,144.58996170631855,-25016.345513467957
780,144.33300073071905,-25053.242778237083
781,144.07853298262648,-25090.14004300621
782,143.81299024730322,-25127.037307775336
783,143.54768128377603,-25163.934572544462
784,143.2817163407996,-25200.831837313588
785,143.02222161441426,-25237.729102082714
786,142.76328466749698,-25274.626366851844
787,142.50493284151833,-25311.52363162097
788,142.24519430136843,-25348.420896390096
789,141.99099011367952,-25385.318161159223
790,141.73688224489587,-25422.215425928352
791,141.48175754624876,-25459.11269069748
792,141.2300732394841,-25496.009955466605
793,140.97988358252445,-25532.90722023573
794,140.72966702660975,-25569.804485004857
795,140.48156662177695,-25606.701749773983
796,140.23265162560074,-25643.59901454311
797,139.98396315863394,-25680.496279312236
798,139.73391985971307,-25717.393544081362
799,139.4852246384667,-25754.290808850492
800,139.2339052359117,-25791.188073619618
801,138.98771563294585,-25828.085338388744
802,138.73999158784628,-25864.98260315787
803,138.49336684440917,-25901.879867926997
804,138.2480207835615,-25938.777132696123
805,138.000420230247,-25975.674397465256
806,137.7568407383444,-26012.571662234383
807,137.5133392144619,-26049.468927003505
808,137.27045908159266,-26086.36619177263
809,137.02777038417742,-26123.263456541757
810,136.78386592642795,-26160.160721310884
811,136.54060941018398,-26197.05798608001
812,136.29848325206814,-26233.955250849136
813,136.05377593609205,-26270.85251561827
814,135.8102782998098,-26307.749780387396
815,135.56877536267353,-26344.647045156522
816,135.32934249659706,-26381.544309925648
817,135.091721215263,-26418.441574694774
818,134.85517893129474,-26455.3388394639
819,134.61807768505807,-26492.236104233027
820,134.3825106322461,-26529.133369002153
821,134.14709485559283,-26566.030633771275
822,133.91106460769365,-26602.92789854041
823,133.67544032182454,-26639.825163309535
824,133.43842799240718,-26676.72242807866
825,133.20492483436735,-26713.619692847788
826,132.97311994286906,-26750.516957616914
827,132.73990601379845,-26787.41422238604
828,132.5071704296232,-26824.311487155166
829,132.27618969408746,-26861.208751924292
830,132.04392803302505,-26898.106016693426
831,131.81156479337852,-26935.003281462552
832,131.57910608001637,-26971.900546231675
833,131.35062294111432,-27008.7978110008
834,131.12208470292975,-27045.695075769927
835,130.8934749576039,-27082.592340539053
836,130.66463879178073,-27119.48960530818
837,130.43775152660214,-27156.386870077306
838,130.2084670422089,-27193.28413484644
839,129.97891760235555,-27230.181399615565
840,129.7539857866473,-27267.07866438469
841,129.53129475442347,-27303.975929153818
842,129.30757978735357,-27340.873193922944
843,129.08441817429613,-27377.77045869207
844,128.86317359553968,-27414.667723461196
845,128.64193060955205,-27451.564988230322
846,128.41978710328334,-27488.462252999445
847,128.19884890624076,-27525.35951776858
848,127.977332645384,-27562.256782537705
849,127.7585232977682,-27599.15404730683
850,127.54026515078444,-27636.051312075957
851,127.32106768940676,-27672.948576845083
852,127.10367347631846,-27709.84584161421
853,126.88517762135636,-27746.743106383336
854,126.66749091849141,-27783.64037115246
855,126.45341263698981,-27820.537635921595
856,126.24014156819156,-27857.43490069072
857,126.02730940029294,-27894.332165459844
858,125.81524767901931,-27931.22943022897
859,125.60285999339655,-27968.126694998096
860,125.39130009155178,-28005.023959767223
861,125.17788348962935,-28041.92122453635
862,124.96445603269399,-28078.818489305475
863,124.75276560131496,-28115.71575407461
864,124.53905887964817,-28152.613018843735
865,124.32505608856076,-28189.51028361286
866,124.11195855399421,-28226.407548381987
867,123.90016531401756,-28263.304813151113
868,123.68390790954419,-28300.20207792024
869,123.4707288936374,-28337.099342689366
870,123.2593611946484,-28373.99660745849
871,123.054129195618,-28410.89387222762
872,122.85002887391548,-28447.791136996748
873,122.646648301099,-28484.688401765874
874,122.44417597605363,-28521.585666535
875,122.24373998327724,-28558.482931304126
876,122.04491575378583,-28595.380196073253
877,121.84615334087607,-28632.27746084238
878,121.64752931304795,-28669.174725611505
879,121.44765050630632,-28706.07199038063
880,121.2487195487438,-28742.969255149765
881,121.04871602693515,-28779.86651991889
882,120.84976099175495,-28816.763784688013
883,120.6505588126933,-28853.66104945714
884,120.45729835261992,-28890.558314226266
885,120.26361804898283,-28927.455578995392
886,120.06453987043632,-28964.35284376452
887,119.86478807577015,-29001.250108533644
888,119.6657959092998,-29038.147373302778
889,119.46616959849436,-29075.044638071904
890,119.26892582188782,-29111.94190284103
891,119.07082919940233,-29148.839167610156
892,118.87263608073754,-29185.736432379283
893,118.67553362078857,-29222.63369714841
894,118.4780633072239,-29259.530961917535
895,118.2813344778245,-29296.42822668666
896,118.08414128576176,-29333.32549145579
897,117.88720030773301,-29370.222756224917
898,117.68943975020869,-29407.120020994043
899,117.49239409001174,-29444.01728576317
900,117.29547308475708,-29480.914550532296
901,117.09884829676466,-29517.811815301422
902,116.9030898832648,-29554.70908007055
903,116.70540465105825,-29591.606344839674
904,116.50936726509,-29628.5036096088
905,116.31363612066123,-29665.400874377934
906,116.11797238730813,-29702.29813914706
907,115.92379020225484,-29739.195403916183
908,115.72952423427279,-29776.09266868531
909,115.53379396266784,-29812.989933454435
910,115.33896011434175,-29849.88719822356
911,115.1446386923893,-29886.784462992688
912,114.95117460834805,-29923.681727761814
913,114.75841408816956,-29960.578992530947
914,114.56526646179404,-29997.476257300073
915,114.3717446867608,-30034.3735220692
916,114.17982417909994,-30071.270786838326
917,113.98820071604834,-30108.168051607452
918,113.79781862565169,-30145.06531637658
919,113.60707275438828,-30181.962581145704
920,113.41708359271651,-30218.85984591483
921,113.22561172594585,-30255.75711068396
922,113.03449736163697,-30292.654375453087
923,112.84132112736188,-30329.551640222213
924,112.65219343591147,-30366.44890499134
925,112.46474935258846,-30403.346169760465
926,112.27774463003271,-30440.24343452959
927,112.0899264508221,-30477.140699298718
928,111.90356996575463,-30514.037964067844
929,111.71939005103724,-30550.93522883697
930,111.53364551714998,-30587.832493606104
931,111.34998487971043,-30624.72975837523
932,111.16694037936756,-30661.627023144352
933,110.98420279622955,-30698.52428791348
934,110.80150854669196,-30735.421552682605
935,110.61982999966692,-30772.31881745173
936,110.43860819557807,-30809.216082220857
937,110.25767013405701,-30846.113346989983
938,110.0777704713712,-30883.010611759117
939,109.8970410858688,-30919.907876528243
940,109.71750870409619,-30956.80514129737
941,109.53973590589378,-30993.702406066495
942,109.36240975693735,-31030.59967083562
943,109.18589834867377,-31067.496935604748
944,109.01006663398908,-31104.394200373874
945,108.83395470713288,-31141.291465143
946,108.65814864919642,-31178.18872991213
947,108.48249144920803,-31215.085994681256
948,108.30562733158149,-31251.983259450382
949,108.13061941360478,-31288.88052421951
950,107.95720869638964,-31325.777788988635
951,107.78337886015272,-31362.67505375776
952,107.6093208744989,-31399.572318526887
953,107.4365901811461,-31436.469583296013
954,107.26274310707532,-31473.36684806514
955,107.08968627816976,-31510.264112834273
956,106.91777099805141,-31547.1613776034
957,106.74697199213531,-31584.05864237252
958,106.57582352498784,-31620.955907141648
959,106.40460167273702,-31657.853171910774
960,106.23486040622178,-31694.7504366799
961,106.06719972062143,-31731.647701449026
962,105.90044386643083,-31768.544966218153
963,105.73439214718411,-31805.442230987286
964,105.56870730554824,-31842.339495756412
965,105.40327937969204,-31879.23676052554
966,105.23919757037457,-31916.134025294665
967,105.07460483376835,-31953.03129006379
968,104.90976395810341,-31989.928554832917
969,104.74739105595839,-32026.825819602043
970,104.58560649034439,-32063.72308437117
971,104.42376068071823,-32100.6203491403
972,104.26217337283083,-32137.517613909426
973,104.10069278977646,-32174.41487867855
974,103.93968059127789,-32211.312143447678
975,103.77851586325215,-32248.209408216804
976,103.61774289904749,-32285.10667298593
977,103.45749791618562,-32322.003937755057
978,103.2967087843611,-32358.901202524183
979,103.136200240804,-32395.79846729331
980,102.97452993949841,-32432.695732062442
981,102.81495056944601,-32469.59299683157
982,102.65626117390134,-32506.49026160069
983,102.49980109472932,-32543.387526369817
984,102.34318436427586,-32580.284791138944
985,102.18631770471416,-32617.18205590807
986,102.03016413245211,-32654.079320677196
987,101.87392757010362,-32690.976585446322
988,101.718936730818,-32727.873850215456
989,101.56333428137933,-32764.77111498458
990,101.40789825841435,-32801.668379753704
991,101.25271924184263,-32838.56564452283
992,101.10049213020397,-32875.46290929196
993,100.947887981664,-32912.36017406108
994,100.7972496637706,-32949.25743883021
995,100.64591868575056,-32986.154703599335
996,100.49491879102125,-33023.05196836847
997,100.34456748946296,-33059.949233137595
998,100.19436980720175,-33096.84649790672
999,100.03942158220848,-33133.74376267585
1000,99.88533840377995,-33170.64102744497
